,state_code,county_code,site_number,parameter_code,poc,latitude,longitude,datum,parameter,sample_duration,pollutant_standard,metric_used,method,year,units_of_measure,event_type,observation_count,observation_percent,validity_indicator,valid_day_count,required_day_count,exceptional_data_count,null_observation_count,primary_exceedance_count,secondary_exceedance_count,certification_indicator,arithmetic_mean,standard_deviation,first_max_value,first_max_datetime,second_max_value,second_max_datetime,third_max_value,third_max_datetime,fourth_max_value,fourth_max_datetime,first_max_nonoverlap_value,first_max_n_o_datetime,second_max_nonoverlap_value,second_max_n_o_datetime,ninety_ninth_percentile,ninety_eighth_percentile,ninety_fifth_percentile,ninetieth_percentile,seventy_fifth_percentile,fiftieth_percentile,tenth_percentile,local_site_name,site_address,state,county,city,cbsa_code,cbsa,date_of_last_change
0,06,001,0015,42602,1,37.701222,-121.903019,NAD83,Nitrogen dioxide (NO2),1 HOUR,NO2 1-hour,Daily Maximum 1-hour average,INSTRUMENTAL - CHEMILUMINESCENCE,2020,Parts per billion,No Events,8376,95.0,Y,366,366,0,407,0.0,,Certified,22.572131,9.0356,62.6,2020-10-26 13:00,47.9,2020-10-02 16:00,47.9,2020-11-02 18:00,43.7,2020-02-11 07:00,,,,,43.7,41.8,38.1,33.6,28.3,22.3,10.3,Pleasanton - Owens Ct,Owens Ct.,California,Alameda,Pleasanton,41860,"San Francisco-Oakland-Hayward, CA",2021-04-05
2,06,001,0013,42602,1,37.864767,-122.302741,NAD83,Nitrogen dioxide (NO2),1 HOUR,NO2 1-hour,Daily Maximum 1-hour average,INSTRUMENTAL - CHEMILUMINESCENCE,2020,Parts per billion,No Events,8295,94.0,Y,361,366,0,488,0.0,,Certified,22.733241,8.339721,46.9,2020-12-04 18:00,45.1,2020-12-03 17:00,44.7,2020-10-29 09:00,43.6,2020-10-01 12:00,,,,,43.6,40.9,37.4,33.5,28.0,22.1,11.8,Berkeley Aquatic Park,1 Bolivar Dr,California,Alameda,,41860,"San Francisco-Oakland-Hayward, CA",2021-04-05
4,06,001,0012,42602,1,37.793624,-122.263376,WGS84,Nitrogen dioxide (NO2),1 HOUR,NO2 1-hour,Daily Maximum 1-hour average,INSTRUMENTAL - CHEMILUMINESCENCE,2020,Parts per billion,No Events,8365,95.0,Y,364,366,0,419,0.0,,Certified,23.990934,10.164604,57.5,2020-10-01 14:00,52.9,2020-12-03 17:00,49.0,2020-02-21 09:00,48.7,2020-02-27 18:00,,,,,48.7,47.5,41.9,37.7,30.6,22.6,11.5,Laney College,Laney College Eighth St. parking lot Aisle J,California,Alameda,Oakland,41860,"San Francisco-Oakland-Hayward, CA",2021-04-05
6,06,001,0011,42602,1,37.814781,-122.282347,WGS84,Nitrogen dioxide (NO2),1 HOUR,NO2 1-hour,Daily Maximum 1-hour average,INSTRUMENTAL - CHEMILUMINESCENCE,2020,Parts per billion,No Events,8186,93.0,Y,354,366,0,521,0.0,,Certified,21.653672,9.745556,48.0,2020-02-11 07:00,47.7,2020-12-04 17:00,45.4,2020-01-17 08:00,45.0,2020-10-27 07:00,,,,,45.0,43.3,37.5,33.8,28.4,21.4,8.5,Oakland West,1100 21st Street,California,Alameda,Oakland,41860,"San Francisco-Oakland-Hayward, CA",2021-04-21
8,06,001,0009,42602,1,37.743065,-122.169935,WGS84,Nitrogen dioxide (NO2),1 HOUR,NO2 1-hour,Daily Maximum 1-hour average,INSTRUMENTAL - CHEMILUMINESCENCE,2020,Parts per billion,No Events,8291,94.0,Y,361,366,0,492,0.0,,Certified,18.026593,10.220644,59.2,2020-12-03 17:00,53.9,2020-10-02 10:00,53.8,2020-12-04 17:00,52.4,2020-11-01 18:00,,,,,52.4,38.9,34.8,31.4,24.9,16.6,6.3,Oakland,9925 International Blvd,California,Alameda,Oakland,41860,"San Francisco-Oakland-Hayward, CA",2021-04-05
10,06,001,0007,42602,1,37.687526,-121.784217,WGS84,Nitrogen dioxide (NO2),1 HOUR,NO2 1-hour,Daily Maximum 1-hour average,INSTRUMENTAL - CHEMILUMINESCENCE,2020,Parts per billion,No Events,8377,95.0,Y,365,366,0,407,0.0,,Certified,16.914795,10.05748,45.9,2020-12-04 19:00,42.0,2020-12-03 19:00,41.6,2020-11-02 19:00,41.4,2020-10-02 21:00,,,,,41.4,38.6,33.4,29.4,24.1,17.6,4.0,Livermore,793 Rincon Ave.,California,Alameda,Livermore,41860,"San Francisco-Oakland-Hayward, CA",2021-04-05
12,06,007,0008,42602,1,39.76168,-121.84047,NAD83,Nitrogen dioxide (NO2),1 HOUR,NO2 1-hour,Daily Maximum 1-hour average,Multiple Methods Used,2020,Parts per billion,No Events,8269,94.0,Y,360,366,0,505,0.0,,Certified,12.346111,6.560215,33.4,2020-11-02 17:00,31.5,2020-12-04 17:00,30.4,2020-11-03 17:00,29.0,2020-11-12 18:00,,,,,29.0,26.7,25.4,21.5,17.1,10.9,5.0,Chico-East Avenue,"984 East Avenue, Chico",California,Butte,Chico,17020,"Chico, CA",2021-03-23
14,06,013,2007,42602,1,37.743649,-121.934188,WGS84,Nitrogen dioxide (NO2),1 HOUR,NO2 1-hour,Daily Maximum 1-hour average,INSTRUMENTAL - CHEMILUMINESCENCE,2020,Parts per billion,No Events,8373,95.0,Y,365,366,0,410,0.0,,Certified,13.10411,8.464737,64.5,2020-11-06 10:00,45.6,2020-01-17 07:00,43.8,2020-11-09 06:00,37.9,2020-09-15 05:00,,,,,37.9,31.5,27.1,24.0,18.2,11.7,3.6,San Ramon,9885 Alcosta BLVD,California,Contra Costa,San Ramon,41860,"San Francisco-Oakland-Hayward, CA",2021-04-27
16,06,013,1004,42602,1,37.9604,-122.356811,WGS84,Nitrogen dioxide (NO2),1 HOUR,NO2 1-hour,Daily Maximum 1-hour average,INSTRUMENTAL - CHEMILUMINESCENCE,2020,Parts per billion,No Events,8210,93.0,Y,360,366,0,574,0.0,,Certified,15.918333,8.392927,38.4,2020-02-10 19:00,36.8,2020-09-06 21:00,36.1,2020-10-01 14:00,35.2,2020-12-02 18:00,,,,,35.2,34.3,31.5,28.3,22.3,14.4,6.3,San Pablo,"1865 D RUMRILL BLVD, San Pablo",California,Contra Costa,San Pablo,41860,"San Francisco-Oakland-Hayward, CA",2021-04-27
18,06,013,1002,42602,1,38.006311,-121.641918,WGS84,Nitrogen dioxide (NO2),1 HOUR,NO2 1-hour,Daily Maximum 1-hour average,INSTRUMENTAL - CHEMILUMINESCENCE,2020,Parts per billion,No Events,8179,93.0,Y,352,366,0,605,0.0,,Certified,9.009091,5.773481,29.8,2020-12-03 21:00,28.3,2020-12-04 00:00,27.7,2020-02-14 23:00,27.0,2020-12-05 22:00,,,,,27.0,24.1,20.3,17.4,12.3,7.3,3.3,Bethel Island,5551 BETHEL ISLAND RD,California,Contra Costa,Bethel Island,41860,"San Francisco-Oakland-Hayward, CA",2021-04-22
20,06,013,0002,42602,1,37.936013,-122.026154,WGS84,Nitrogen dioxide (NO2),1 HOUR,NO2 1-hour,Daily Maximum 1-hour average,INSTRUMENTAL - CHEMILUMINESCENCE,2020,Parts per billion,No Events,8247,94.0,Y,357,366,0,502,0.0,,Certified,11.445378,7.253733,33.9,2020-12-09 20:00,33.4,2020-02-04 07:00,29.9,2020-12-03 17:00,29.4,2020-12-08 09:00,,,,,29.4,28.7,23.8,22.1,17.0,10.1,3.5,Concord,2956-A TREAT BOULEVARD,California,Contra Costa,Concord,41860,"San Francisco-Oakland-Hayward, CA",2021-04-05
22,06,019,5001,42602,1,36.819449,-119.716433,NAD83,Nitrogen dioxide (NO2),1 HOUR,NO2 1-hour,Daily Maximum 1-hour average,INSTRUMENTAL - GAS PHASE CHEMILUMINESCENCE,2020,Parts per billion,No Events,8175,93.0,Y,355,366,0,609,0.0,,Certified,19.290141,11.694394,54.3,2020-12-04 17:00,53.7,2020-11-05 19:00,51.7,2020-12-03 18:00,51.5,2020-12-08 18:00,,,,,51.7,48.6,41.6,36.5,27.6,16.6,6.8,Clovis-Villa,"908 N VILLA AVE, CLOVIS",California,Fresno,Clovis,23420,"Fresno, CA",2021-04-26
24,06,019,4001,42602,1,36.597442,-119.503659,NAD83,Nitrogen dioxide (NO2),1 HOUR,NO2 1-hour,Daily Maximum 1-hour average,INSTRUMENTAL - GAS PHASE CHEMILUMINESCENCE,2020,Parts per billion,No Events,8215,94.0,Y,360,366,0,569,0.0,,Certified,14.266667,6.65302,37.0,2020-11-17 17:00,34.4,2020-11-30 19:00,34.0,2020-02-07 21:00,32.9,2020-12-04 18:00,,,,,32.9,31.6,26.3,24.0,18.1,13.5,6.4,Parlier,"9240 S. RIVERBEND, PARLIER 93648",California,Fresno,Parlier,23420,"Fresno, CA",2021-04-28
26,06,019,2016,42602,1,36.710833,-119.7775,WGS84,Nitrogen dioxide (NO2),1 HOUR,NO2 1-hour,Daily Maximum 1-hour average,Teledyne Model T500U - Cavity Attenuated Phase Shift Spectroscopy,2020,Parts per billion,No Events,7468,85.0,N,324,366,0,1316,0.0,,Certified,33.001543,12.449446,70.1,2020-10-07 18:00,65.5,2020-11-02 19:00,65.2,2020-11-03 19:00,64.0,2020-10-01 19:00,,,,,64.0,62.0,56.0,51.9,41.6,30.4,19.2,Fresno-Foundry,2482 Foundry Park Ave,California,Fresno,Fresno,23420,"Fresno, CA",2021-04-13
28,06,019,0242,42602,1,36.841592,-119.874739,NAD83,Nitrogen dioxide (NO2),1 HOUR,NO2 1-hour,Daily Maximum 1-hour average,INSTRUMENTAL - GAS PHASE CHEMILUMINESCENCE,2020,Parts per billion,No Events,8293,94.0,Y,362,366,0,491,0.0,,Certified,14.383702,7.013666,42.9,2020-12-07 19:00,37.8,2020-11-17 18:00,36.0,2020-12-01 18:00,34.6,2020-11-16 18:00,,,,,34.6,32.3,27.3,24.4,18.6,13.0,6.5,Fresno-Sky Park,"SIERRA SKYPARK#2-BLYTHE & CHNNLT, FRESNO",California,Fresno,Fresno,23420,"Fresno, CA",2021-04-28
30,06,019,0011,42602,3,36.78538,-119.77321,NAD83,Nitrogen dioxide (NO2),1 HOUR,NO2 1-hour,Daily Maximum 1-hour average,Instrumental - Chemiluminescence Teledyne API 200 EU/501,2020,Parts per billion,No Events,8249,94.0,Y,357,366,0,535,0.0,,Certified,20.003641,11.898275,47.5,2020-10-20 19:00,46.9,2020-11-05 18:00,46.8,2020-11-03 19:00,46.7,2020-02-12 19:00,,,,,46.7,45.8,43.0,38.2,29.4,17.9,6.0,Fresno - Garland,"3727 N FIRST ST, FRESNO",California,Fresno,Fresno,23420,"Fresno, CA",2021-03-23
32,06,019,0007,42602,1,36.705474,-119.741332,NAD83,Nitrogen dioxide (NO2),1 HOUR,NO2 1-hour,Daily Maximum 1-hour average,INSTRUMENTAL - GAS PHASE CHEMILUMINESCENCE,2020,Parts per billion,No Events,7847,89.0,Y,343,366,0,937,0.0,,Certified,25.233236,13.331202,66.8,2020-10-01 20:00,58.6,2020-12-04 17:00,58.4,2020-11-02 20:00,55.5,2020-10-13 20:00,,,,,55.5,54.3,50.6,44.8,34.8,22.6,9.8,Fresno-Drummond,"4706 E. DRUMMOND ST., FRESNO",California,Fresno,,23420,"Fresno, CA",2021-04-16
34,06,023,1004,42602,1,40.77678,-124.17949,NAD83,Nitrogen dioxide (NO2),1 HOUR,NO2 1-hour,Daily Maximum 1-hour average,INSTRUMENTAL - CHEMILUMINESCENCE,2020,Parts per billion,No Events,7966,91.0,Y,340,366,0,814,0.0,,Certified,5.567059,3.773081,20.0,2020-01-22 20:00,19.7,2020-12-11 17:00,18.5,2020-01-18 20:00,17.0,2020-10-28 18:00,,,,,17.0,15.6,12.5,11.0,8.0,4.5,1.8,Jacobs,717 SOUTH AVENUE,California,Humboldt,Eureka,21700,"Eureka-Arcata-Fortuna, CA",2021-01-26
36,06,025,1003,42602,1,32.79222,-115.56306,WGS84,Nitrogen dioxide (NO2),1 HOUR,NO2 1-hour,Daily Maximum 1-hour average,INSTRUMENTAL - GAS PHASE CHEMILUMINESCENCE,2020,Parts per billion,No Events,7714,88.0,N,335,366,0,1070,0.0,,Was Certified but data changed,16.41194,8.285525,44.8,2020-12-17 13:00,44.2,2020-01-16 18:00,37.7,2020-01-15 20:00,37.7,2020-01-28 18:00,,,,,37.7,35.5,31.2,28.5,22.5,14.6,6.7,El Centro-9th Street,"150 9TH ST., EL CENTRO",California,Imperial,El Centro,20940,"El Centro, CA",2021-07-09
38,06,025,0005,42602,1,32.67618,-115.48307,NAD83,Nitrogen dioxide (NO2),1 HOUR,NO2 1-hour,Daily Maximum 1-hour average,INSTRUMENTAL - GAS PHASE CHEMILUMINESCENCE,2020,Parts per billion,No Events,8160,93.0,Y,353,366,0,381,0.0,,Certified,26.2983,13.8239,75.6,2020-01-13 10:00,75.0,2020-12-17 12:00,68.2,2020-11-23 10:00,66.6,2020-11-17 08:00,,,,,66.6,51.2,48.3,42.7,36.4,26.0,8.0,Calexico-Ethel Street,"1029 ETHEL ST, CALEXICO HIGH SCHOOL",California,Imperial,Calexico,20940,"El Centro, CA",2021-03-23
40,06,029,6001,42602,1,35.503587,-119.272606,WGS84,Nitrogen dioxide (NO2),1 HOUR,NO2 1-hour,Daily Maximum 1-hour average,Multiple Methods Used,2020,Parts per billion,No Events,8379,95.0,Y,363,366,0,390,0.0,,Certified,19.001377,6.870175,40.9,2020-12-02 18:00,39.7,2020-10-30 18:00,35.3,2020-11-16 18:00,34.2,2020-11-28 17:00,,,,,34.2,32.5,29.9,27.5,23.6,19.0,9.4,Shafter,"548 WALKER ST., SHAFTER, CA., 93263",California,Kern,Shafter,12540,"Bakersfield, CA",2021-03-23
42,06,029,2012,42602,1,35.331612,-118.999961,NAD83,Nitrogen dioxide (NO2),1 HOUR,NO2 1-hour,Daily Maximum 1-hour average,INSTRUMENTAL - GAS PHASE CHEMILUMINESCENCE,2020,Parts per billion,No Events,8209,93.0,Y,361,366,0,575,0.0,,Certified,28.599169,10.282349,65.5,2020-07-04 20:00,61.1,2020-11-04 18:00,59.3,2020-11-30 17:00,59.2,2020-10-22 19:00,,,,,59.2,53.3,47.0,42.6,34.4,27.9,15.9,Bakersfield-Muni,2000 South Union Ave. Bakersfield CA  93307,California,Kern,Bakersfield,12540,"Bakersfield, CA",2021-04-28
44,06,029,0014,42602,1,35.356615,-119.062613,NAD83,Nitrogen dioxide (NO2),1 HOUR,NO2 1-hour,Daily Maximum 1-hour average,INSTRUMENTAL - CHEMILUMINESCENCE,2020,Parts per billion,No Events,8352,95.0,Y,361,366,0,400,0.0,,Certified,25.699723,10.034171,50.4,2020-11-30 19:00,50.3,2020-11-05 20:00,49.9,2020-12-10 19:00,47.8,2020-12-02 20:00,,,,,47.8,44.9,41.9,39.3,32.2,25.9,11.9,Bakersfield-California,"5558 California Ave., Bakersfield CA 93309",California,Kern,Bakersfield,12540,"Bakersfield, CA",2021-03-23
46,06,029,0007,42602,1,35.345607,-118.851825,NAD83,Nitrogen dioxide (NO2),1 HOUR,NO2 1-hour,Daily Maximum 1-hour average,Multiple Methods Used,2020,Parts per billion,No Events,8335,95.0,Y,361,366,0,414,0.0,,Certified,13.995291,5.268302,30.6,2020-12-02 16:00,28.8,2020-12-04 06:00,28.5,2020-12-21 16:00,28.0,2020-11-12 17:00,,,,,28.0,26.5,24.2,20.8,17.1,13.9,7.3,Edison,"JOHNSON FARM, EDISON, CA. 93320",California,Kern,,12540,"Bakersfield, CA",2021-03-23
48,06,031,1004,42602,1,36.31567,-119.643447,NAD83,Nitrogen dioxide (NO2),1 HOUR,NO2 1-hour,Daily Maximum 1-hour average,INSTRUMENTAL - GAS PHASE CHEMILUMINESCENCE,2020,Parts per billion,No Events,8264,94.0,Y,360,366,0,520,0.0,,Certified,18.801389,10.899893,51.9,2020-11-03 19:00,51.5,2020-11-04 19:00,50.2,2020-11-05 19:00,47.4,2020-12-02 18:00,,,,,47.4,43.7,39.6,34.4,26.1,16.6,6.3,Hanford-Irwin,"807 SOUTH IRWIN ST., HANFORD",California,Kings,Hanford,25260,"Hanford-Corcoran, CA",2021-04-12
50,06,037,9033,42602,1,34.669739,-118.130511,NAD83,Nitrogen dioxide (NO2),1 HOUR,NO2 1-hour,Daily Maximum 1-hour average,INSTRUMENTAL - GAS PHASE CHEMILUMINESCENCE,2020,Parts per billion,No Events,8215,94.0,Y,354,366,0,569,0.0,,Certified,20.891525,11.189255,51.5,2020-08-21 04:00,45.0,2020-11-12 18:00,44.1,2020-10-15 02:00,43.0,2020-12-04 17:00,,,,,43.0,40.0,38.0,35.9,29.8,22.3,5.3,Lancaster-Division Street,"43301 DIVISION ST., LANCASTER, CA",California,Los Angeles,Lancaster,31080,"Los Angeles-Long Beach-Anaheim, CA",2021-04-12
52,06,037,6012,42602,1,34.38344,-118.5284,WGS84,Nitrogen dioxide (NO2),1 HOUR,NO2 1-hour,Daily Maximum 1-hour average,INSTRUMENTAL - GAS PHASE CHEMILUMINESCENCE,2020,Parts per billion,No Events,8645,98.0,Y,361,366,0,139,0.0,,Certified,19.818283,7.821509,46.3,2020-12-22 17:00,41.7,2020-09-15 07:00,39.9,2020-09-14 07:00,38.7,2020-02-07 19:00,,,,,38.7,35.9,32.7,29.7,25.3,19.6,9.7,Santa Clarita,"22224 PLACERITA CANYON RD, SANTA CLARITA",California,Los Angeles,Santa Clarita,31080,"Los Angeles-Long Beach-Anaheim, CA",2021-03-11
54,06,037,5005,42602,1,33.95507,-118.43049,NAD83,Nitrogen dioxide (NO2),1 HOUR,NO2 1-hour,Daily Maximum 1-hour average,INSTRUMENTAL - GAS PHASE CHEMILUMINESCENCE,2020,Parts per billion,No Events,8692,99.0,Y,364,366,0,92,0.0,,Certified,22.918956,14.014263,59.7,2020-10-14 08:00,57.8,2020-10-30 04:00,55.2,2020-12-02 22:00,54.5,2020-11-16 20:00,,,,,54.5,50.9,47.1,42.2,35.1,21.4,5.8,LAX Hastings,7201 W. WESTCHESTER PARKWAY,California,Los Angeles,Los Angeles,31080,"Los Angeles-Long Beach-Anaheim, CA",2021-04-02
56,06,037,4010,42602,1,34.181977,-118.363036,NAD83,Nitrogen dioxide (NO2),1 HOUR,NO2 1-hour,Daily Maximum 1-hour average,INSTRUMENTAL - GAS PHASE CHEMILUMINESCENCE,2020,Parts per billion,No Events,8611,98.0,Y,357,366,0,173,0.0,,Certified,26.317647,13.30124,60.4,2020-12-02 17:00,58.5,2020-11-04 19:00,57.1,2020-11-17 19:00,56.6,2020-10-30 19:00,,,,,56.6,52.4,47.7,44.6,37.3,24.4,9.6,North Hollywood (NOHO),10659 W. Delano Street,California,Los Angeles,Los Angeles,31080,"Los Angeles-Long Beach-Anaheim, CA",2021-03-09
58,06,037,4009,42602,1,33.793713,-118.171019,NAD83,Nitrogen dioxide (NO2),1 HOUR,NO2 1-hour,Daily Maximum 1-hour average,INSTRUMENTAL - GAS PHASE CHEMILUMINESCENCE,2020,Parts per billion,No Events,8504,97.0,Y,357,366,0,280,0.0,,Certified,24.290756,14.534795,75.3,2020-10-15 11:00,72.3,2020-11-04 10:00,61.0,2020-10-13 08:00,60.3,2020-09-16 09:00,,,,,60.3,56.3,50.5,44.6,34.6,20.8,7.8,Signal Hill (LBSH),1710 E. 20th Street,California,Los Angeles,Signal Hill,31080,"Los Angeles-Long Beach-Anaheim, CA",2021-03-09
60,06,037,4008,42602,1,33.859662,-118.200707,NAD83,Nitrogen dioxide (NO2),1 HOUR,NO2 1-hour,Daily Maximum 1-hour average,INSTRUMENTAL - CHEMILUMINESCENCE,2020,Parts per billion,No Events,8349,95.0,Y,348,366,0,435,0.0,,Certified,39.99569,18.156007,100.1,2020-09-16 10:00,99.4,2020-10-15 11:00,96.7,2020-09-30 09:00,91.7,2020-09-11 11:00,,,,,91.7,86.3,70.8,62.1,51.8,38.4,15.8,Long Beach-Route 710 Near Road,5895 Long Beach Blvd.,California,Los Angeles,Long Beach,31080,"Los Angeles-Long Beach-Anaheim, CA",2021-04-09
62,06,037,2005,42602,1,34.1326,-118.1272,WGS84,Nitrogen dioxide (NO2),1 HOUR,NO2 1-hour,Daily Maximum 1-hour average,Multiple Methods Used,2020,Parts per billion,No Events,8433,96.0,Y,354,366,0,351,0.0,,Certified,24.695198,12.691098,61.2,2020-12-02 17:00,54.9,2020-11-05 17:00,54.6,2020-09-16 07:00,52.5,2020-11-17 19:00,,,,,52.5,49.7,44.9,42.2,35.7,22.9,9.5,Pasadena,"752 S. WILSON AVE., PASADENA",California,Los Angeles,Pasadena,31080,"Los Angeles-Long Beach-Anaheim, CA",2021-03-09
64,06,037,1701,42602,2,34.06703,-117.7514,WGS84,Nitrogen dioxide (NO2),1 HOUR,NO2 1-hour,Daily Maximum 1-hour average,INSTRUMENTAL - GAS PHASE CHEMILUMINESCENCE,2020,Parts per billion,No Events,8526,97.0,Y,355,366,0,258,0.0,,Certified,31.820563,13.887144,67.9,2020-11-20 17:00,63.0,2020-10-15 08:00,63.0,2020-10-29 19:00,62.9,2020-09-15 08:00,,,,,62.9,59.8,56.0,50.8,41.5,31.7,13.3,Pomona,"924 N. GAREY AVE., POMONA",California,Los Angeles,Pomona,31080,"Los Angeles-Long Beach-Anaheim, CA",2021-03-10
66,06,037,1602,42602,1,34.01029,-118.0685,NAD83,Nitrogen dioxide (NO2),1 HOUR,NO2 1-hour,Daily Maximum 1-hour average,INSTRUMENTAL - CHEMILUMINESCENCE,2020,Parts per billion,No Events,8728,99.0,Y,365,366,0,56,0.0,,Certified,30.164384,13.439347,69.2,2020-12-02 16:00,64.8,2020-10-30 09:00,62.1,2020-11-05 16:00,61.8,2020-10-05 08:00,,,,,61.8,57.8,53.9,48.4,40.7,27.6,13.2,Pico Rivera #2,"4144 SAN GABRIEL RIVER PKWY, PICO RIVERA",California,Los Angeles,Pico Rivera,31080,"Los Angeles-Long Beach-Anaheim, CA",2021-05-20
68,06,037,1302,42602,1,33.901389,-118.205,WGS84,Nitrogen dioxide (NO2),1 HOUR,NO2 1-hour,Daily Maximum 1-hour average,Multiple Methods Used,2020,Parts per billion,No Events,8654,99.0,Y,362,366,0,130,0.0,,Certified,27.49116,14.85372,72.3,2020-10-14 08:00,68.4,2020-09-11 11:00,68.2,2020-12-01 15:00,64.6,2020-10-02 08:00,,,,,64.6,60.5,54.2,47.1,38.2,26.8,9.4,Compton,700 North Bullis Road,California,Los Angeles,Compton,31080,"Los Angeles-Long Beach-Anaheim, CA",2021-03-01
70,06,037,1201,42602,2,34.19925,-118.53276,WGS84,Nitrogen dioxide (NO2),1 HOUR,NO2 1-hour,Daily Maximum 1-hour average,Instrumental - Chemiluminescence,2020,Parts per billion,No Events,8443,96.0,Y,353,366,0,341,0.0,,Certified,21.723229,11.034642,49.9,2020-11-17 18:00,47.3,2020-10-05 20:00,46.2,2020-12-22 19:00,45.4,2020-12-04 18:00,,,,,45.4,44.6,40.6,36.2,31.2,19.8,7.6,Reseda,"18330 GAULT ST., RESEDA",California,Los Angeles,Reseda,31080,"Los Angeles-Long Beach-Anaheim, CA",2021-03-11
72,06,037,1103,42602,3,34.06659,-118.22688,WGS84,Nitrogen dioxide (NO2),1 HOUR,NO2 1-hour,Daily Maximum 1-hour average,Teledyne Model T500U - Cavity Attenuated Phase Shift Spectroscopy,2020,Parts per billion,No Events,8636,98.0,Y,364,366,0,148,0.0,,Certified,29.767582,12.101456,58.1,2020-09-04 09:00,57.6,2020-10-29 21:00,56.9,2020-08-14 08:00,56.6,2020-12-02 15:00,,,,,56.6,52.2,48.9,45.6,39.3,30.4,13.9,Los Angeles-North Main Street,"1630 N MAIN ST, LOS ANGELES",California,Los Angeles,Los Angeles,31080,"Los Angeles-Long Beach-Anaheim, CA",2021-03-01
74,06,037,1103,42602,1,34.06659,-118.22688,WGS84,Nitrogen dioxide (NO2),1 HOUR,NO2 1-hour,Daily Maximum 1-hour average,Multiple Methods Used,2020,Parts per billion,No Events,8346,95.0,Y,349,366,0,438,0.0,,Certified,30.546132,12.72986,61.8,2020-10-29 20:00,61.6,2020-09-04 09:00,59.4,2020-10-14 21:00,59.3,2020-08-14 08:00,,,,,59.3,55.8,51.4,47.4,40.6,30.8,14.5,Los Angeles-North Main Street,"1630 N MAIN ST, LOS ANGELES",California,Los Angeles,Los Angeles,31080,"Los Angeles-Long Beach-Anaheim, CA",2021-03-01
76,06,037,0113,42602,1,34.05111,-118.45636,WGS84,Nitrogen dioxide (NO2),1 HOUR,NO2 1-hour,Daily Maximum 1-hour average,INSTRUMENTAL - CHEMILUMINESCENCE,2020,Parts per billion,No Events,8605,98.0,Y,360,366,0,179,0.0,,Certified,21.934444,10.787119,76.6,2020-02-28 09:00,54.8,2020-12-02 14:00,52.8,2020-02-27 11:00,51.5,2020-10-15 05:00,,,,,51.5,43.9,39.2,36.2,29.9,20.1,9.3,West Los Angeles,"VA HOSPITAL, WEST LOS ANGELES",California,Los Angeles,West Los Angeles,31080,"Los Angeles-Long Beach-Anaheim, CA",2021-03-23
78,06,037,0016,42602,1,34.14435,-117.85036,WGS84,Nitrogen dioxide (NO2),1 HOUR,NO2 1-hour,Daily Maximum 1-hour average,INSTRUMENTAL - CHEMILUMINESCENCE,2020,Parts per billion,No Events,8694,99.0,Y,366,366,0,90,0.0,,Certified,16.707104,8.829537,50.4,2020-01-24 17:00,50.2,2020-11-20 16:00,46.6,2020-09-14 09:00,45.6,2020-09-10 15:00,,,,,45.6,41.9,32.3,28.5,21.7,15.1,6.9,Glendora,"840 LAUREL, GLENDORA",California,Los Angeles,Glendora,31080,"Los Angeles-Long Beach-Anaheim, CA",2021-05-20
80,06,037,0002,42602,2,34.1365,-117.92391,WGS84,Nitrogen dioxide (NO2),1 HOUR,NO2 1-hour,Daily Maximum 1-hour average,INSTRUMENTAL - CHEMILUMINESCENCE,2020,Parts per billion,No Events,8366,95.0,Y,347,366,0,418,0.0,,Certified,24.708646,12.505494,64.8,2020-09-15 09:00,63.1,2020-09-16 08:00,63.0,2020-12-02 17:00,60.5,2020-09-14 08:00,,,,,60.5,54.1,47.7,41.5,33.7,22.8,9.9,Azusa,"803 N. LOREN AVE., AZUSA",California,Los Angeles,Azusa,31080,"Los Angeles-Long Beach-Anaheim, CA",2021-02-26
82,06,039,0004,42602,1,36.867125,-120.010158,NAD83,Nitrogen dioxide (NO2),1 HOUR,NO2 1-hour,Daily Maximum 1-hour average,INSTRUMENTAL - GAS PHASE CHEMILUMINESCENCE,2020,Parts per billion,No Events,8063,92.0,Y,351,366,0,721,0.0,,Certified,12.869231,6.718615,47.3,2020-11-02 19:00,36.2,2020-12-03 18:00,32.7,2020-11-05 21:00,31.1,2020-12-08 20:00,,,,,31.1,28.6,25.5,22.1,17.4,11.5,5.7,Madera-Pump Yard,RD. 29 1/2 NO. OF AVE 8 MADERA COUNTY,California,Madera,Madera,31460,"Madera, CA",2021-04-28
84,06,041,0001,42602,1,37.97231,-122.520004,WGS84,Nitrogen dioxide (NO2),1 HOUR,NO2 1-hour,Daily Maximum 1-hour average,INSTRUMENTAL - CHEMILUMINESCENCE,2020,Parts per billion,No Events,8375,95.0,Y,365,366,0,409,0.0,,Certified,15.519726,9.52276,42.1,2020-11-02 07:00,40.7,2020-12-08 08:00,40.5,2020-10-29 06:00,40.4,2020-02-11 07:00,,,,,40.4,35.9,32.7,28.9,22.4,14.3,4.4,San Rafael,534 4TH ST.,California,Marin,San Rafael,41860,"San Francisco-Oakland-Hayward, CA",2021-04-05
86,06,047,0003,42602,1,37.281853,-120.433671,NAD83,Nitrogen dioxide (NO2),1 HOUR,NO2 1-hour,Daily Maximum 1-hour average,INSTRUMENTAL - GAS PHASE CHEMILUMINESCENCE,2020,Parts per billion,No Events,8288,94.0,Y,360,366,0,496,0.0,,Certified,15.436667,7.467746,38.5,2020-12-02 18:00,37.3,2020-09-15 22:00,34.6,2020-12-04 17:00,34.1,2020-10-28 19:00,,,,,34.1,31.0,29.2,25.7,20.7,14.5,5.8,Merced-Coffee,"385 S. COFFEE AVENUE, MERCED, CA 95340",California,Merced,,32900,"Merced, CA",2021-04-05
88,06,053,1003,42602,1,36.694261,-121.623271,NAD83,Nitrogen dioxide (NO2),1 HOUR,NO2 1-hour,Daily Maximum 1-hour average,INSTRUMENTAL - CHEMILUMINESCENCE,2020,Parts per billion,No Events,8597,98.0,Y,363,366,0,173,0.0,,Requested but denied,10.625344,6.951896,32.0,2020-11-16 19:00,28.0,2020-12-04 20:00,27.0,2020-10-16 19:00,27.0,2020-12-08 19:00,,,,,27.0,25.0,22.0,20.0,16.0,10.0,2.0,Salinas 3,867 E. LAUREL Dr,California,Monterey,Salinas,41500,"Salinas, CA",2021-03-24
90,06,055,0004,42602,1,38.278849,-122.275024,NAD83,Nitrogen dioxide (NO2),1 HOUR,NO2 1-hour,Daily Maximum 1-hour average,INSTRUMENTAL - CHEMILUMINESCENCE,2020,Parts per billion,No Events,8088,92.0,Y,350,366,0,696,0.0,,Certified,11.004286,6.457129,29.9,2020-12-09 17:00,29.8,2020-10-01 18:00,28.4,2020-12-08 17:00,28.1,2020-01-15 21:00,,,,,28.1,26.3,22.5,19.6,15.5,10.7,2.9,Napa Valley College,Magnolia Drive and Route 221,California,Napa,Napa,34900,"Napa, CA",2021-04-05
92,06,059,5001,42602,2,33.92513,-117.95264,WGS84,Nitrogen dioxide (NO2),1 HOUR,NO2 1-hour,Daily Maximum 1-hour average,INSTRUMENTAL - CHEMILUMINESCENCE,2020,Parts per billion,No Events,8341,95.0,Y,347,366,0,443,0.0,,Certified,22.540058,12.009355,57.2,2020-11-20 15:00,53.4,2020-12-06 17:00,53.3,2020-11-05 18:00,51.9,2020-12-02 18:00,,,,,51.9,50.1,42.2,39.5,31.5,21.9,7.5,La Habra,"621 W. LAMBERT, LA HABRA",California,Orange,La Habra,31080,"Los Angeles-Long Beach-Anaheim, CA",2021-05-01
94,06,059,0008,42602,1,33.819305,-117.918759,WGS84,Nitrogen dioxide (NO2),1 HOUR,NO2 1-hour,Daily Maximum 1-hour average,INSTRUMENTAL - CHEMILUMINESCENCE,2020,Parts per billion,No Events,8699,99.0,Y,365,366,0,85,0.0,,Certified,28.358356,11.387151,69.9,2020-11-05 15:00,62.2,2020-10-01 09:00,61.1,2020-10-05 10:00,59.7,2020-09-16 10:00,,,,,59.7,52.6,49.4,45.2,35.7,26.9,15.5,Anaheim Near-Road,"812 W. Vermont St., Anaheim, CA 92802",California,Orange,Anaheim,31080,"Los Angeles-Long Beach-Anaheim, CA",2021-04-09
96,06,059,0007,42602,5,33.83062,-117.93845,WGS84,Nitrogen dioxide (NO2),1 HOUR,NO2 1-hour,Daily Maximum 1-hour average,INSTRUMENTAL - CHEMILUMINESCENCE,2020,Parts per billion,No Events,8712,99.0,Y,364,366,0,72,0.0,,Certified,24.729396,15.03461,70.9,2020-11-05 15:00,55.8,2020-12-04 19:00,55.2,2020-02-20 21:00,54.4,2020-11-04 21:00,,,,,54.4,52.1,49.1,45.4,37.8,23.1,6.0,Anaheim,1630 W. PAMPAS LANE,California,Orange,Anaheim,31080,"Los Angeles-Long Beach-Anaheim, CA",2021-02-25
98,06,061,0006,42602,1,38.74643,-121.26498,NAD83,Nitrogen dioxide (NO2),1 HOUR,NO2 1-hour,Daily Maximum 1-hour average,Multiple Methods Used,2020,Parts per billion,No Events,7702,88.0,N,331,366,0,1082,0.0,,Certified,14.571299,9.495992,41.1,2020-10-30 18:00,39.7,2020-11-12 18:00,39.4,2020-10-28 18:00,38.2,2020-02-19 19:00,,,,,38.2,36.0,30.6,28.9,21.5,13.4,4.1,Roseville-N Sunrise Ave," 151 NO SUNRISE BLVD, ROSEVILLE, CA",California,Placer,Roseville,40900,"Sacramento--Roseville--Arden-Arcade, CA",2021-03-23
100,06,065,9001,42602,1,33.67649,-117.33098,WGS84,Nitrogen dioxide (NO2),1 HOUR,NO2 1-hour,Daily Maximum 1-hour average,INSTRUMENTAL - CHEMILUMINESCENCE,2020,Parts per billion,No Events,8273,94.0,Y,345,366,0,511,0.0,,Certified,17.495942,9.918745,43.6,2020-11-20 19:00,42.5,2020-11-12 19:00,39.2,2020-09-30 05:00,39.2,2020-10-29 06:00,,,,,39.2,37.9,34.4,31.4,24.7,17.5,4.5,Lake Elsinore,"506 W FLINT ST, LAKE ELSINORE",California,Riverside,Lake Elsinore,40140,"Riverside-San Bernardino-Ontario, CA",2021-03-03
102,06,065,8005,42602,1,33.99636,-117.4924,NAD83,Nitrogen dioxide (NO2),1 HOUR,NO2 1-hour,Daily Maximum 1-hour average,Multiple Methods Used,2020,Parts per billion,No Events,8443,96.0,Y,352,366,0,341,0.0,,Certified,23.055966,12.679695,58.1,2020-10-15 20:00,56.8,2020-11-21 18:00,54.8,2020-11-04 19:00,51.3,2020-11-20 18:00,,,,,51.3,49.9,45.4,39.9,32.8,21.1,8.1,Mira Loma (Van Buren),5130 POINSETTIA PLACE,California,Riverside,Mira Loma,40140,"Riverside-San Bernardino-Ontario, CA",2021-03-09
104,06,065,8001,42602,3,33.99958,-117.41601,WGS84,Nitrogen dioxide (NO2),1 HOUR,NO2 1-hour,Daily Maximum 1-hour average,Teledyne Model T500U - Cavity Attenuated Phase Shift Spectroscopy,2020,Parts per billion,No Events,8587,98.0,Y,359,366,0,197,0.0,,Certified,27.469081,13.974736,62.0,2020-11-04 19:00,57.4,2020-11-21 19:00,57.2,2020-10-15 08:00,56.0,2020-09-15 07:00,,,,,56.0,54.4,51.2,46.1,38.2,28.0,8.4,Rubidoux,"5888 MISSION BLVD., RUBIDOUX",California,Riverside,Rubidoux,40140,"Riverside-San Bernardino-Ontario, CA",2021-03-03
106,06,065,8001,42602,2,33.99958,-117.41601,WGS84,Nitrogen dioxide (NO2),1 HOUR,NO2 1-hour,Daily Maximum 1-hour average,INSTRUMENTAL - CHEMILUMINESCENCE,2020,Parts per billion,No Events,8540,97.0,Y,357,366,0,244,0.0,,Certified,28.263305,14.199235,66.4,2020-11-04 19:00,62.1,2020-11-21 19:00,59.4,2020-10-15 08:00,57.1,2020-12-05 09:00,,,,,57.1,54.1,51.8,47.8,39.4,28.5,9.3,Rubidoux,"5888 MISSION BLVD., RUBIDOUX",California,Riverside,Rubidoux,40140,"Riverside-San Bernardino-Ontario, CA",2021-03-25
108,06,065,5001,42602,2,33.85275,-116.54101,WGS84,Nitrogen dioxide (NO2),1 HOUR,NO2 1-hour,Daily Maximum 1-hour average,INSTRUMENTAL - CHEMILUMINESCENCE,2020,Parts per billion,No Events,8734,99.0,Y,365,366,0,50,0.0,,Certified,16.731781,8.343585,47.4,2020-10-14 06:00,40.6,2020-12-07 16:00,37.8,2020-02-07 18:00,37.5,2020-09-25 05:00,,,,,37.5,34.3,30.6,27.6,22.8,16.5,5.1,Palm Springs,"FS-590 RACQUET CLUB AVE, PALM SPRINGS",California,Riverside,Palm Springs,40140,"Riverside-San Bernardino-Ontario, CA",2021-07-06
110,06,065,1016,42602,1,33.944713,-116.830074,NAD83,Nitrogen dioxide (NO2),1 HOUR,NO2 1-hour,Daily Maximum 1-hour average,INSTRUMENTAL - CHEMILUMINESCENCE,2020,Parts per billion,Events Inclucded,8457,96.0,Y,348,366,8457,327,0.0,,Certification not required,6.378161,3.597051,26.7,2020-11-18 19:00,21.0,2020-02-06 19:00,20.1,2020-01-16 08:00,18.8,2020-02-07 17:00,,,,,18.8,17.3,13.2,10.4,8.0,5.8,2.6,Morongo Air Monitoring Station,"12160 Santiago Rd. Banning, CA 92220",California,Riverside,Banning,40140,"Riverside-San Bernardino-Ontario, CA",2021-04-09
112,06,065,0012,42602,1,33.92086,-116.85841,WGS84,Nitrogen dioxide (NO2),1 HOUR,NO2 1-hour,Daily Maximum 1-hour average,INSTRUMENTAL - CHEMILUMINESCENCE,2020,Parts per billion,No Events,8678,99.0,Y,363,366,0,106,0.0,,Certified,23.493113,12.037234,51.1,2020-09-14 04:00,50.3,2020-11-04 19:00,47.9,2020-02-14 00:00,47.8,2020-02-20 21:00,,,,,47.8,47.1,42.9,41.0,32.4,22.7,8.2,Banning Airport,"200 S. HATHAWAY ST., BANNING CA",California,Riverside,Banning,40140,"Riverside-San Bernardino-Ontario, CA",2021-03-01
114,06,065,0009,42602,1,33.447867,-117.088649,WGS84,Nitrogen dioxide (NO2),1 HOUR,NO2 1-hour,Daily Maximum 1-hour average,INSTRUMENTAL - GAS PHASE CHEMILUMINESCENCE,2020,Parts per billion,No Events,7850,89.0,Y,336,366,0,934,0.0,,Requested but not yet concurred,8.144345,6.565098,91.0,2020-09-13 02:00,29.8,2020-12-07 10:00,27.7,2020-03-31 06:00,22.8,2020-11-05 07:00,,,,,22.8,20.1,16.6,14.9,10.8,6.8,3.0,Pechanga,"12705 Pechanga Rd., Temecula, CA 92592",California,Riverside,,40140,"Riverside-San Bernardino-Ontario, CA",2021-03-31
116,06,067,0015,42602,1,38.593322,-121.503795,WGS84,Nitrogen dioxide (NO2),1 HOUR,NO2 1-hour,Daily Maximum 1-hour average,Teledyne-API Model 200EUP or T200UP - Photolytic-Chemiluminescence,2020,Parts per billion,No Events,8100,92.0,Y,346,366,0,684,0.0,,Certified,19.890173,10.30236,55.0,2020-09-29 19:00,50.0,2020-10-06 18:00,48.0,2020-10-02 21:00,48.0,2020-10-29 17:00,,,,,48.0,46.0,41.0,35.0,26.0,18.0,8.0,Sacramento-Bercut Drive,"100 Bercut Drive, Sacramento",California,Sacramento,Sacramento,40900,"Sacramento--Roseville--Arden-Arcade, CA",2021-03-17
118,06,067,0011,42602,1,38.302591,-121.420838,WGS84,Nitrogen dioxide (NO2),1 HOUR,NO2 1-hour,Daily Maximum 1-hour average,Teledyne-API Model 200EUP or T200UP - Photolytic-Chemiluminescence,2020,Parts per billion,No Events,8411,96.0,Y,360,366,0,373,0.0,,Certified,8.447222,4.911188,21.0,2020-01-22 21:00,21.0,2020-06-10 19:00,21.0,2020-10-16 01:00,21.0,2020-11-21 22:00,,,,,21.0,20.0,18.0,16.0,11.0,7.0,3.0,Elk Grove-Bruceville," 12490 BRUCEVILLE RD, ELK GROVE, CA",California,Sacramento,,40900,"Sacramento--Roseville--Arden-Arcade, CA",2021-03-17
120,06,067,0010,42602,3,38.56844,-121.49311,NAD83,Nitrogen dioxide (NO2),1 HOUR,NO2 1-hour,Daily Maximum 1-hour average,Instrumental - Chemiluminescence Teledyne API 200 EU/501,2020,Parts per billion,No Events,2683,31.0,N,117,366,0,140,0.0,,Certified,21.464957,11.269904,51.2,2020-02-27 20:00,49.9,2020-02-14 20:00,49.2,2020-02-19 21:00,46.9,2020-02-26 21:00,,,,,49.9,49.2,46.3,36.8,28.9,21.0,7.0,Sacramento-1309 T Street,"1309 T ST., SACRAMENTO, CA. 95814",California,Sacramento,Sacramento,40900,"Sacramento--Roseville--Arden-Arcade, CA",2020-08-19
122,06,067,0010,42602,1,38.56844,-121.49311,NAD83,Nitrogen dioxide (NO2),1 HOUR,NO2 1-hour,Daily Maximum 1-hour average,INSTRUMENTAL - CHEMILUMINESCENCE,2020,Parts per billion,No Events,5666,65.0,N,245,366,0,286,0.0,,Certified,16.888571,13.199095,54.1,2020-10-01 20:00,52.1,2020-10-30 20:00,52.0,2020-10-03 20:00,49.7,2020-10-29 20:00,,,,,52.0,48.6,42.5,37.9,27.5,12.4,3.9,Sacramento-1309 T Street,"1309 T ST., SACRAMENTO, CA. 95814",California,Sacramento,Sacramento,40900,"Sacramento--Roseville--Arden-Arcade, CA",2021-03-23
124,06,067,0006,42602,1,38.613779,-121.368014,WGS84,Nitrogen dioxide (NO2),1 HOUR,NO2 1-hour,Daily Maximum 1-hour average,Teledyne-API Model 200EUP or T200UP - Photolytic-Chemiluminescence,2020,Parts per billion,No Events,8482,97.0,Y,364,366,0,302,0.0,,Certified,12.75,8.368617,46.0,2020-03-31 09:00,32.0,2020-12-03 19:00,32.0,2020-12-09 18:00,31.0,2020-02-19 19:00,,,,,31.0,30.0,28.0,25.0,19.0,11.0,3.0,Sacramento-Del Paso Manor,"DEL PASO-2701 AVALON DR, SACRAMENTO",California,Sacramento,Arden-Arcade,40900,"Sacramento--Roseville--Arden-Arcade, CA",2021-03-17
126,06,071,9004,42602,1,34.106678,-117.274063,NAD83,Nitrogen dioxide (NO2),1 HOUR,NO2 1-hour,Daily Maximum 1-hour average,INSTRUMENTAL - CHEMILUMINESCENCE,2020,Parts per billion,No Events,8709,99.0,Y,365,366,0,75,0.0,,Certified,27.308767,9.426438,54.0,2020-02-07 18:00,53.5,2020-10-30 20:00,50.5,2020-12-09 18:00,49.1,2020-11-12 18:00,,,,,49.1,45.6,41.8,39.4,33.5,28.2,13.5,San Bernardino,"24302 4TH ST., SAN BERNARDINO, CA.",California,San Bernardino,San Bernardino,40140,"Riverside-San Bernardino-Ontario, CA",2021-05-14
128,06,071,2002,42602,1,34.10002,-117.49201,WGS84,Nitrogen dioxide (NO2),1 HOUR,NO2 1-hour,Daily Maximum 1-hour average,INSTRUMENTAL - GAS PHASE CHEMILUMINESCENCE,2020,Parts per billion,No Events,8591,98.0,Y,360,366,0,193,0.0,,Certified,33.638611,12.365037,66.4,2020-10-29 19:00,64.9,2020-10-30 19:00,64.4,2020-08-18 08:00,62.0,2020-02-07 18:00,,,,,62.0,57.9,52.8,49.7,41.7,34.8,16.7,Fontana,"14360 ARROW BLVD., FONTANA",California,San Bernardino,Fontana,40140,"Riverside-San Bernardino-Ontario, CA",2021-03-04
130,06,071,1234,42602,1,35.77417,-117.3714,NAD83,Nitrogen dioxide (NO2),1 HOUR,NO2 1-hour,Daily Maximum 1-hour average,INSTRUMENTAL - GAS PHASE CHEMILUMINESCENCE,2020,Parts per billion,No Events,7913,90.0,Y,342,366,0,849,0.0,,Certified,12.95117,7.719084,40.6,2020-07-18 19:00,40.3,2020-05-05 18:00,38.6,2020-08-31 19:00,34.9,2020-08-22 19:00,,,,,34.9,32.1,27.0,23.8,17.8,11.2,4.5,Trona - Athol/Telescope #2,"Corner of Athol and Telescope, Trona",California,San Bernardino,Searles Valley,40140,"Riverside-San Bernardino-Ontario, CA",2021-04-14
132,06,071,1004,42602,2,34.10374,-117.62914,WGS84,Nitrogen dioxide (NO2),1 HOUR,NO2 1-hour,Daily Maximum 1-hour average,INSTRUMENTAL - CHEMILUMINESCENCE,2020,Parts per billion,No Events,8681,99.0,Y,364,366,0,103,0.0,,Certified,25.083516,10.484771,55.4,2020-02-07 18:00,51.2,2020-09-10 17:00,50.1,2020-10-30 21:00,49.6,2020-10-29 21:00,,,,,49.6,44.8,42.0,38.5,33.3,26.2,10.7,Upland,"1350 SAN BERNARDINO RD., UPLAND",California,San Bernardino,Upland,40140,"Riverside-San Bernardino-Ontario, CA",2021-03-16
134,06,071,0306,42602,1,34.510961,-117.32554,NAD83,Nitrogen dioxide (NO2),1 HOUR,NO2 1-hour,Daily Maximum 1-hour average,INSTRUMENTAL - GAS PHASE CHEMILUMINESCENCE,2020,Parts per billion,No Events,8207,93.0,Y,348,366,0,577,0.0,,Certified,29.091954,12.651851,59.4,2020-09-16 04:00,57.7,2020-11-12 20:00,57.4,2020-07-30 23:00,56.5,2020-07-31 00:00,,,,,56.5,54.8,47.8,42.2,37.9,32.1,9.4,Victorville-Park Avenue,"14306 PARK AVE., VICTORVILLE, CA",California,San Bernardino,Victorville,40140,"Riverside-San Bernardino-Ontario, CA",2021-04-15
136,06,071,0027,42602,1,34.030833,-117.61722,WGS84,Nitrogen dioxide (NO2),1 HOUR,NO2 1-hour,Daily Maximum 1-hour average,Multiple Methods Used,2020,Parts per billion,No Events,8292,94.0,Y,346,366,0,492,1.0,,Certified,43.010983,15.303829,101.6,2020-10-15 09:00,87.2,2020-09-16 09:00,83.9,2020-11-04 21:00,82.1,2020-10-06 09:00,,,,,82.1,78.0,70.5,63.6,52.2,41.8,24.3,Ontario-Route 60 Near Road,2330 S. Castle Harbour,California,San Bernardino,Ontario,40140,"Riverside-San Bernardino-Ontario, CA",2021-02-25
138,06,071,0026,42602,1,34.06812,-117.52579,NAD83,Nitrogen dioxide (NO2),1 HOUR,NO2 1-hour,Daily Maximum 1-hour average,Multiple Methods Used,2020,Parts per billion,No Events,8283,94.0,Y,345,366,0,501,0.0,,Certified,43.77913,14.013609,94.2,2020-11-04 18:00,83.1,2020-09-30 19:00,78.0,2020-10-16 19:00,77.8,2020-10-14 20:00,,,,,77.8,75.1,70.3,61.8,52.9,42.8,27.0,Ontario Near Road (Etiwanda),NW Corner Interstate 10 & Etiwanda Ave,California,San Bernardino,Ontario,40140,"Riverside-San Bernardino-Ontario, CA",2021-04-09
140,06,071,0001,42602,1,34.89398,-117.024804,NAD83,Nitrogen dioxide (NO2),1 HOUR,NO2 1-hour,Daily Maximum 1-hour average,INSTRUMENTAL - GAS PHASE CHEMILUMINESCENCE,2020,Parts per billion,No Events,8242,94.0,Y,354,366,0,542,0.0,,Certified,34.167232,11.577141,62.8,2020-09-16 02:00,62.4,2020-09-17 21:00,61.4,2020-10-07 01:00,59.8,2020-09-15 02:00,,,,,59.8,56.8,50.8,45.5,41.5,36.6,18.7,Barstow,"200 E. BUENA VISTA, BARSTOW",California,San Bernardino,Barstow,40140,"Riverside-San Bernardino-Ontario, CA",2021-03-18
142,06,073,1026,42602,1,32.710177,-117.142665,NAD83,Nitrogen dioxide (NO2),1 HOUR,NO2 1-hour,Daily Maximum 1-hour average,INSTRUMENTAL - CHEMILUMINESCENCE,2020,Parts per billion,No Events,7966,91.0,Y,357,366,0,818,0.0,,Certified,20.047619,12.373426,53.0,2020-11-05 10:00,49.0,2020-02-20 22:00,49.0,2020-12-01 17:00,48.0,2020-10-02 09:00,,,,,48.0,45.0,41.0,37.0,30.0,18.0,5.0,San Diego - Sherman Elementary School,450B 24th Street,California,San Diego,San Diego,41740,"San Diego-Carlsbad, CA",2021-04-18
144,06,073,1022,42602,2,32.789565,-116.944308,NAD83,Nitrogen dioxide (NO2),1 HOUR,NO2 1-hour,Daily Maximum 1-hour average,Teledyne Model T500U - Cavity Attenuated Phase Shift Spectroscopy,2020,Parts per billion,No Events,1914,22.0,N,88,366,0,331,0.0,,Certified,24.522727,9.385704,45.0,2020-12-07 17:00,38.0,2020-10-01 08:00,38.0,2020-12-16 17:00,38.0,2020-12-23 19:00,,,,,45.0,38.0,38.0,35.0,31.0,26.0,8.0,El Cajon - Lexington Elementary School,533 First Street,California,San Diego,El Cajon,41740,"San Diego-Carlsbad, CA",2021-04-18
146,06,073,1022,42602,1,32.789565,-116.944308,NAD83,Nitrogen dioxide (NO2),1 HOUR,NO2 1-hour,Daily Maximum 1-hour average,INSTRUMENTAL - CHEMILUMINESCENCE,2020,Parts per billion,No Events,7513,86.0,Y,344,366,0,1271,0.0,,Certified,15.354651,9.846746,44.0,2020-12-07 17:00,36.0,2020-12-16 17:00,36.0,2020-12-21 19:00,36.0,2020-12-23 19:00,,,,,36.0,35.0,32.0,30.0,24.0,12.0,5.0,El Cajon - Lexington Elementary School,533 First Street,California,San Diego,El Cajon,41740,"San Diego-Carlsbad, CA",2021-04-18
148,06,073,1017,42602,1,32.985442,-117.08218,WGS84,Nitrogen dioxide (NO2),1 HOUR,NO2 1-hour,Daily Maximum 1-hour average,INSTRUMENTAL - CHEMILUMINESCENCE,2020,Parts per billion,No Events,7768,88.0,Y,350,366,0,1016,0.0,,Certified,23.848571,10.990615,54.0,2020-09-17 08:00,54.0,2020-10-01 06:00,51.0,2020-11-05 21:00,49.0,2020-10-30 08:00,,,,,49.0,48.0,44.0,40.0,33.0,21.0,11.0,San Diego -Rancho Carmel Drive,11403 Rancho Carmel Drive,California,San Diego,San Diego,41740,"San Diego-Carlsbad, CA",2021-04-18
150,06,073,1016,42602,1,32.845709,-117.123964,NAD83,Nitrogen dioxide (NO2),1 HOUR,NO2 1-hour,Daily Maximum 1-hour average,INSTRUMENTAL - CHEMILUMINESCENCE,2020,Parts per billion,No Events,7897,90.0,Y,355,366,0,887,0.0,,Certified,16.498592,9.704497,52.0,2020-11-05 18:00,43.0,2020-12-21 18:00,42.0,2020-12-07 16:00,40.0,2020-10-01 06:00,,,,,40.0,39.0,34.0,31.0,24.0,15.0,5.0,Kearny Villa Rd.,"6125A KEARNY VILLA RD., SAN DIEGO",California,San Diego,San Diego,41740,"San Diego-Carlsbad, CA",2021-04-18
152,06,073,1014,42602,1,32.57816,-116.92135,NAD83,Nitrogen dioxide (NO2),1 HOUR,NO2 1-hour,Daily Maximum 1-hour average,INSTRUMENTAL - CHEMILUMINESCENCE,2020,Parts per billion,No Events,7746,88.0,Y,338,366,0,1038,0.0,,Certified,19.955621,13.848516,56.0,2020-10-06 08:00,55.0,2020-11-04 21:00,51.0,2020-12-16 21:00,50.0,2020-10-16 23:00,,,,,50.0,49.0,45.0,41.0,31.0,16.0,5.0,Donovan,"480 ALTA RD, OTAY MESA, CA",California,San Diego,Otay Mesa,41740,"San Diego-Carlsbad, CA",2021-04-18
154,06,073,1008,42602,1,33.217055,-117.396177,NAD83,Nitrogen dioxide (NO2),1 HOUR,NO2 1-hour,Daily Maximum 1-hour average,INSTRUMENTAL - CHEMILUMINESCENCE,2020,Parts per billion,No Events,7761,88.0,Y,347,366,0,1023,0.0,,Certified,15.435159,10.302827,58.0,2020-11-05 19:00,56.0,2020-02-20 17:00,47.0,2020-12-04 16:00,46.0,2020-02-25 19:00,,,,,46.0,43.0,34.0,29.0,22.0,13.0,4.0,Camp Pendleton,21441-W B STREET,California,San Diego,Camp Pendleton South,41740,"San Diego-Carlsbad, CA",2021-04-18
156,06,073,1006,42602,1,32.842318,-116.768293,NAD83,Nitrogen dioxide (NO2),1 HOUR,NO2 1-hour,Daily Maximum 1-hour average,INSTRUMENTAL - CHEMILUMINESCENCE,2020,Parts per billion,No Events,7698,88.0,Y,338,366,0,1086,0.0,,Certified,8.943787,3.988088,21.0,2020-01-24 17:00,20.0,2020-03-06 20:00,20.0,2020-08-04 06:00,19.0,2020-02-18 08:00,,,,,19.0,18.0,16.0,15.0,11.0,9.0,4.0,Alpine,"2300 VICTORIA DR., ALPINE",California,San Diego,Alpine,41740,"San Diego-Carlsbad, CA",2021-04-18
158,06,073,0001,42602,1,32.631242,-117.059088,NAD83,Nitrogen dioxide (NO2),1 HOUR,NO2 1-hour,Daily Maximum 1-hour average,INSTRUMENTAL - CHEMILUMINESCENCE,2020,Parts per billion,No Events,7916,90.0,Y,352,366,0,868,0.0,,Certified,18.625,11.726282,45.0,2020-12-01 18:00,45.0,2020-12-23 17:00,44.0,2020-12-07 18:00,43.0,2020-10-27 19:00,,,,,43.0,41.0,38.0,36.0,29.0,16.0,6.0,Chula Vista,"84 E. 'J' ST., CHULA VISTA",California,San Diego,Chula Vista,41740,"San Diego-Carlsbad, CA",2021-04-18
160,06,075,0005,42602,1,37.765946,-122.399044,WGS84,Nitrogen dioxide (NO2),1 HOUR,NO2 1-hour,Daily Maximum 1-hour average,INSTRUMENTAL - CHEMILUMINESCENCE,2020,Parts per billion,No Events,8346,95.0,Y,364,366,0,437,0.0,,Certified,17.79011,11.790065,47.7,2020-12-09 19:00,47.6,2020-12-04 19:00,42.6,2020-10-27 07:00,42.6,2020-12-10 00:00,,,,,42.6,40.9,38.3,35.0,26.9,16.1,4.0,San Francisco,10 ARKANSAS ST.,California,San Francisco,San Francisco,41860,"San Francisco-Oakland-Hayward, CA",2021-04-05
162,06,077,3005,42602,1,37.682635,-121.442495,NAD83,Nitrogen dioxide (NO2),1 HOUR,NO2 1-hour,Daily Maximum 1-hour average,INSTRUMENTAL - GAS PHASE CHEMILUMINESCENCE,2020,Parts per billion,No Events,8235,94.0,Y,361,366,0,549,0.0,,Certified,11.854571,6.612924,37.4,2020-10-01 04:00,32.3,2020-09-29 07:00,29.6,2020-11-05 04:00,29.2,2020-12-05 07:00,,,,,29.2,27.4,24.5,21.4,15.7,10.4,4.4,Tracy-Airport,"5749 S. TRACY BLVD., TRACY",California,San Joaquin,Tracy,44700,"Stockton-Lodi, CA",2021-04-26
164,06,077,1002,42602,2,37.950741,-121.268523,WGS84,Nitrogen dioxide (NO2),1 HOUR,NO2 1-hour,Daily Maximum 1-hour average,INSTRUMENTAL - GAS PHASE CHEMILUMINESCENCE,2020,Parts per billion,No Events,8248,94.0,Y,356,366,0,536,0.0,,Certified,22.800281,12.297245,60.0,2020-10-29 18:00,58.1,2020-10-30 19:00,57.4,2020-11-01 20:00,57.3,2020-10-03 19:00,,,,,57.3,53.9,47.7,39.7,30.5,21.1,8.6,Stockton-Hazelton,"HAZELTON-HD, STOCKTON",California,San Joaquin,Stockton,44700,"Stockton-Lodi, CA",2021-03-23
166,06,079,8002,42602,1,35.49453,-120.66617,WGS84,Nitrogen dioxide (NO2),1 HOUR,NO2 1-hour,Daily Maximum 1-hour average,INSTRUMENTAL - GAS PHASE CHEMILUMINESCENCE,2020,Parts per billion,No Events,8182,93.0,Y,355,366,0,578,0.0,,Certified,10.476056,6.560571,33.0,2020-12-04 19:00,30.0,2020-12-09 18:00,29.0,2020-12-21 18:00,27.0,2020-11-16 17:00,,,,,27.0,26.0,22.0,20.0,15.0,9.0,3.0,Atascadero,"5599 Traffic Way, Atascadero CA",California,San Luis Obispo,Atascadero,42020,"San Luis Obispo-Paso Robles-Arroyo Grande, CA",2021-03-25
168,06,079,4002,42602,1,35.03146,-120.50103,WGS84,Nitrogen dioxide (NO2),1 HOUR,NO2 1-hour,Daily Maximum 1-hour average,Instrumental - Chemiluminescence Teledyne API 200 EU/501,2020,Parts per billion,No Events,8103,92.0,Y,350,366,0,681,0.0,,Certified,5.362857,4.172813,23.0,2020-01-31 19:00,20.0,2020-01-15 20:00,20.0,2020-11-16 18:00,19.0,2020-12-23 18:00,,,,,19.0,17.0,14.0,11.0,8.0,4.0,1.0,Nipomo Regional Park (NRP),"NIPOMO REGIONAL PARK, NIPOMO, CA.",California,San Luis Obispo,Nipomo,42020,"San Luis Obispo-Paso Robles-Arroyo Grande, CA",2021-03-30
170,06,081,1001,42602,1,37.482934,-122.20337,WGS84,Nitrogen dioxide (NO2),1 HOUR,NO2 1-hour,Daily Maximum 1-hour average,INSTRUMENTAL - CHEMILUMINESCENCE,2020,Parts per billion,No Events,8335,95.0,Y,366,366,0,448,0.0,,Certified,16.937978,9.867953,45.9,2020-12-04 17:00,44.9,2020-12-09 18:00,44.4,2020-02-18 07:00,41.1,2020-10-15 18:00,,,,,41.1,38.1,35.0,30.9,24.1,15.5,5.0,Redwood City,897 BARRON AVE.,California,San Mateo,Redwood City,41860,"San Francisco-Oakland-Hayward, CA",2021-04-05
172,06,083,2004,42602,1,34.63782,-120.4575,WGS84,Nitrogen dioxide (NO2),1 HOUR,NO2 1-hour,Daily Maximum 1-hour average,INSTRUMENTAL - CHEMILUMINESCENCE,2020,Parts per billion,No Events,8225,94.0,Y,355,366,0,559,0.0,,Certified,7.425352,6.585117,28.0,2020-10-16 06:00,28.0,2020-12-08 09:00,27.0,2020-02-04 07:00,27.0,2020-11-16 18:00,,,,,27.0,24.0,20.0,18.0,11.0,5.0,1.0,Lompoc H Street,"128 S 'H' ST, LOMPOC",California,Santa Barbara,Lompoc,42200,"Santa Maria-Santa Barbara, CA",2021-03-01
174,06,083,1025,42602,1,34.48974,-120.04692,WGS84,Nitrogen dioxide (NO2),1 HOUR,NO2 1-hour,Daily Maximum 1-hour average,INSTRUMENTAL - CHEMILUMINESCENCE,2020,Parts per billion,Events Inclucded,8083,92.0,Y,350,366,8083,701,0.0,,Certification not required,1.448571,1.322685,10.0,2020-11-17 07:00,8.0,2020-09-12 09:00,6.0,2020-02-21 13:00,6.0,2020-09-05 08:00,,,,,6.0,5.0,4.0,3.0,2.0,1.0,0.0,Los Flores Canyon #1,LFC #1-LAS FLORES CANYON,California,Santa Barbara,Capitan,42200,"Santa Maria-Santa Barbara, CA",2021-04-09
176,06,083,1021,42602,1,34.403052,-119.457914,NAD83,Nitrogen dioxide (NO2),1 HOUR,NO2 1-hour,Daily Maximum 1-hour average,INSTRUMENTAL - CHEMILUMINESCENCE,2020,Parts per billion,Events Inclucded,6732,77.0,N,296,366,6732,2052,0.0,,Certification not required,2.614865,1.779444,12.0,2020-01-03 15:00,9.0,2020-01-10 16:00,9.0,2020-02-21 13:00,9.0,2020-12-22 10:00,,,,,9.0,8.0,6.0,5.0,3.0,2.0,1.0,Carpinteria,"GOBERNADOR RD, CARPINTERIA",California,Santa Barbara,Carpinteria,42200,"Santa Maria-Santa Barbara, CA",2021-04-19
178,06,083,1014,42602,1,34.54166,-119.79146,WGS84,Nitrogen dioxide (NO2),1 HOUR,NO2 1-hour,Daily Maximum 1-hour average,INSTRUMENTAL - CHEMILUMINESCENCE,2020,Parts per billion,Events Inclucded,6941,79.0,Y,295,366,6941,1843,0.0,,Certification not required,1.240678,0.844977,7.0,2020-02-21 16:00,5.0,2020-08-19 20:00,5.0,2020-08-20 16:00,5.0,2020-09-10 17:00,,,,,5.0,4.0,2.0,2.0,2.0,1.0,0.0,Paradise Road,PARADISE RD-LOS PADRES National Forest,California,Santa Barbara,Los Padres National Forest,42200,"Santa Maria-Santa Barbara, CA",2021-04-16
180,06,083,1013,42602,1,34.725352,-120.428717,NAD83,Nitrogen dioxide (NO2),1 HOUR,NO2 1-hour,Daily Maximum 1-hour average,INSTRUMENTAL - CHEMILUMINESCENCE,2020,Parts per billion,Events Inclucded,6711,76.0,N,302,366,6711,2073,0.0,,Certification not required,1.407285,1.463741,6.0,2020-09-25 06:00,5.0,2020-10-01 09:00,5.0,2020-11-09 20:00,5.0,2020-11-16 07:00,,,,,5.0,5.0,4.0,3.0,2.0,1.0,0.0,Lompoc HSP,"HS & P FACILITY-500 M SW, LOMPOC",California,Santa Barbara,Lompoc,42200,"Santa Maria-Santa Barbara, CA",2021-04-16
182,06,083,1008,42602,1,34.942872,-120.435611,NAD83,Nitrogen dioxide (NO2),1 HOUR,NO2 1-hour,Daily Maximum 1-hour average,INSTRUMENTAL - GAS PHASE CHEMILUMINESCENCE,2020,Parts per billion,No Events,8385,95.0,Y,364,366,0,399,0.0,,Certified,11.206319,6.501845,36.4,2020-04-21 05:00,34.0,2020-01-03 18:00,33.8,2020-10-01 19:00,30.6,2020-12-20 18:00,,,,,30.6,28.4,23.8,19.5,15.4,10.0,4.0,Santa Maria,906 S BROADWAY - SANTA MARIA,California,Santa Barbara,Santa Maria,42200,"Santa Maria-Santa Barbara, CA",2021-03-23
184,06,085,0006,42602,1,37.338135,-121.849783,WGS84,Nitrogen dioxide (NO2),1 HOUR,NO2 1-hour,Daily Maximum 1-hour average,INSTRUMENTAL - CHEMILUMINESCENCE,2020,Parts per billion,No Events,8313,95.0,Y,363,366,0,405,0.0,,Certified,22.640771,10.255802,56.5,2020-11-01 18:00,56.2,2020-11-02 17:00,55.9,2020-10-31 19:00,54.5,2020-10-02 11:00,,,,,54.5,48.7,40.7,36.3,29.3,21.2,11.0,San Jose - Knox Avenue,1007 Knox Ave,California,Santa Clara,San Jose,41940,"San Jose-Sunnyvale-Santa Clara, CA",2021-04-26
186,06,085,0005,42602,1,37.348497,-121.894898,WGS84,Nitrogen dioxide (NO2),1 HOUR,NO2 1-hour,Daily Maximum 1-hour average,INSTRUMENTAL - CHEMILUMINESCENCE,2020,Parts per billion,No Events,7955,91.0,Y,361,366,0,825,0.0,,Certified,19.509972,11.170385,51.9,2020-12-04 19:00,50.0,2020-11-01 19:00,48.4,2020-12-09 18:00,47.6,2020-10-31 21:00,,,,,47.6,44.7,39.5,34.3,27.6,18.2,6.2,San Jose - Jackson,158B JACKSON ST,California,Santa Clara,San Jose,41940,"San Jose-Sunnyvale-Santa Clara, CA",2021-04-26
188,06,095,0004,42602,1,38.102507,-122.237976,WGS84,Nitrogen dioxide (NO2),1 HOUR,NO2 1-hour,Daily Maximum 1-hour average,INSTRUMENTAL - CHEMILUMINESCENCE,2020,Parts per billion,No Events,8213,93.0,Y,358,366,0,568,0.0,,Certified,15.860894,11.357838,48.4,2020-10-28 18:00,47.2,2020-10-29 20:00,45.0,2020-12-03 18:00,43.8,2020-10-31 20:00,,,,,43.8,41.7,37.1,32.2,24.7,12.5,4.0,Vallejo,304 TUOLUMNE ST.,California,Solano,Vallejo,46700,"Vallejo-Fairfield, CA",2021-04-22
190,06,097,0004,42602,1,38.403765,-122.818294,WGS84,Nitrogen dioxide (NO2),1 HOUR,NO2 1-hour,Daily Maximum 1-hour average,INSTRUMENTAL - CHEMILUMINESCENCE,2020,Parts per billion,No Events,8355,95.0,Y,361,366,0,421,0.0,,Certified,9.531025,6.443065,36.3,2020-12-04 17:00,33.3,2020-12-09 17:00,31.4,2020-12-03 17:00,27.5,2020-12-07 17:00,,,,,27.5,25.0,21.2,18.5,13.9,8.0,2.5,Sebastopol,"103 Morris Street,",California,Sonoma,Sebastopol,42220,"Santa Rosa, CA",2021-04-05
192,06,099,0006,42602,1,37.488317,-120.836008,NAD83,Nitrogen dioxide (NO2),1 HOUR,NO2 1-hour,Daily Maximum 1-hour average,INSTRUMENTAL - GAS PHASE CHEMILUMINESCENCE,2020,Parts per billion,No Events,8294,94.0,Y,362,366,0,490,0.0,,Certified,19.524033,9.748124,52.0,2020-10-30 20:00,48.7,2020-10-01 20:00,45.1,2020-11-05 19:00,44.7,2020-10-16 20:00,,,,,44.7,41.4,37.7,34.6,25.0,18.2,7.3,Turlock," 900 S MINARET STREET, TURLOCK, CA",California,Stanislaus,Turlock,33700,"Modesto, CA",2021-04-08
194,06,101,0003,42602,1,39.138773,-121.618549,WGS84,Nitrogen dioxide (NO2),1 HOUR,NO2 1-hour,Daily Maximum 1-hour average,Multiple Methods Used,2020,Parts per billion,No Events,8143,93.0,Y,350,366,0,633,0.0,,Certified,15.516571,10.462705,46.2,2020-10-30 18:00,45.9,2020-11-03 18:00,43.5,2020-12-08 17:00,42.8,2020-10-29 19:00,,,,,42.8,38.4,35.1,30.7,23.0,13.6,3.7,Yuba City,"773 ALMOND ST, YUBA CITY",California,Sutter,Yuba City,49700,"Yuba City, CA",2021-03-23
196,06,107,2002,42602,1,36.332179,-119.291228,WGS84,Nitrogen dioxide (NO2),1 HOUR,NO2 1-hour,Daily Maximum 1-hour average,Multiple Methods Used,2020,Parts per billion,No Events,8136,93.0,Y,350,366,0,647,0.0,,Certified,21.169714,11.426499,53.4,2020-10-30 19:00,51.7,2020-12-02 18:00,50.6,2020-11-05 18:00,49.8,2020-10-13 19:00,,,,,49.8,48.1,43.6,39.4,28.7,17.7,9.0,Visalia-Church,"310 N CHURCH ST, VISALIA",California,Tulare,Visalia,47300,"Visalia-Porterville, CA",2021-03-23
198,06,111,3001,42602,1,34.25239,-119.143182,NAD83,Nitrogen dioxide (NO2),1 HOUR,NO2 1-hour,Daily Maximum 1-hour average,INSTRUMENTAL - GAS PHASE CHEMILUMINESCENCE,2020,Parts per billion,No Events,8378,95.0,Y,363,366,0,406,0.0,,Certified,10.903581,5.710711,31.0,2020-02-27 18:00,29.0,2020-01-03 17:00,29.0,2020-11-05 17:00,29.0,2020-11-16 17:00,,,,,29.0,24.0,21.0,19.0,15.0,10.0,4.0,El Rio-Rio Mesa School #2,"545 CENTRAL AVENUE, OXNARD, CA  93030",California,Ventura,,37100,"Oxnard-Thousand Oaks-Ventura, CA",2021-04-08
200,06,111,2002,42602,1,34.276316,-118.683685,NAD83,Nitrogen dioxide (NO2),1 HOUR,NO2 1-hour,Daily Maximum 1-hour average,INSTRUMENTAL - GAS PHASE CHEMILUMINESCENCE,2020,Parts per billion,No Events,8099,92.0,Y,351,366,0,685,0.0,,Certified,15.809117,8.975556,42.0,2020-10-01 06:00,38.0,2020-10-15 06:00,36.0,2020-10-02 05:00,35.0,2020-10-06 06:00,,,,,35.0,34.0,31.0,28.0,23.0,14.0,5.0,Simi Valley-Cochran Street,"5400 COCHRAN STREET, SIMI VALLEY, CA  93063",California,Ventura,Simi Valley,37100,"Oxnard-Thousand Oaks-Ventura, CA",2021-02-12
202,06,113,0004,42602,1,38.53445,-121.7734,WGS84,Nitrogen dioxide (NO2),1 HOUR,NO2 1-hour,Daily Maximum 1-hour average,Multiple Methods Used,2020,Parts per billion,No Events,8208,93.0,Y,357,366,0,566,0.0,,Certified,10.362745,5.533619,32.7,2020-10-01 19:00,30.0,2020-12-08 18:00,29.4,2020-09-11 21:00,28.9,2020-10-02 18:00,,,,,28.9,23.5,20.4,17.8,13.8,9.5,4.2,Davis-UCD Campus,"UC DAVIS-CAMPUS, CAMPBELL ROAD WEST OF HIWAY 113 & SOUTH OF HUTCHISON DRIVE.",California,Yolo,,40900,"Sacramento--Roseville--Arden-Arcade, CA",2021-03-23
